{
    "model_file": "/home/mm2/Downloads/Main_Project/project1-mlops-main/late_delivery_model.joblib",
    "dataset": "/home/mm2/Downloads/Main_Project/project1-mlops-main/model_dataset_v2.csv",
    "model_type": "HistGradientBoostingClassifier",
    "comparison_model_types": [
        "HistGradientBoostingClassifier",
        "LogisticRegression"
    ],
    "threshold_selection": "max_f1_on_validation_set",
    "threshold": 0.165789139338314,
    "threshold_report": "/home/mm2/Downloads/Main_Project/project1-mlops-main/threshold_report.csv",
    "model_comparison": "/home/mm2/Downloads/Main_Project/project1-mlops-main/model_comparison.csv",
    "primary_metrics": [
        "pr_auc",
        "f1",
        "precision",
        "recall",
        "roc_auc"
    ],
    "validation_threshold_metrics": {
        "precision": 0.3194630872483222,
        "recall": 0.4562300319488818,
        "f1": 0.3757894736837261,
        "min_precision": 0.0,
        "min_recall": 0.0,
        "constraints_satisfied": true
    },
    "validation_metrics": {
        "roc_auc": 0.8045940077376479,
        "pr_auc": 0.31992602374125806,
        "precision": 0.3194630872483222,
        "recall": 0.4562300319488818,
        "f1": 0.3757894736842105,
        "confusion_matrix": [
            [
                16209,
                1521
            ],
            [
                851,
                714
            ]
        ]
    },
    "test_metrics": {
        "roc_auc": 0.797122384344093,
        "pr_auc": 0.312166287874061,
        "precision": 0.31205985915492956,
        "recall": 0.45303514376996806,
        "f1": 0.3695595517331248,
        "confusion_matrix": [
            [
                16168,
                1563
            ],
            [
                856,
                709
            ]
        ]
    },
    "comparison_results": {
        "hist_gradient_boosting": {
            "threshold": 0.165789139338314,
            "validation_threshold_metrics": {
                "precision": 0.3194630872483222,
                "recall": 0.4562300319488818,
                "f1": 0.3757894736837261,
                "min_precision": 0.0,
                "min_recall": 0.0,
                "constraints_satisfied": true
            },
            "validation_metrics": {
                "roc_auc": 0.8045940077376479,
                "pr_auc": 0.31992602374125806,
                "precision": 0.3194630872483222,
                "recall": 0.4562300319488818,
                "f1": 0.3757894736842105,
                "confusion_matrix": [
                    [
                        16209,
                        1521
                    ],
                    [
                        851,
                        714
                    ]
                ]
            },
            "test_metrics": {
                "roc_auc": 0.797122384344093,
                "pr_auc": 0.312166287874061,
                "precision": 0.31205985915492956,
                "recall": 0.45303514376996806,
                "f1": 0.3695595517331248,
                "confusion_matrix": [
                    [
                        16168,
                        1563
                    ],
                    [
                        856,
                        709
                    ]
                ]
            }
        },
        "logistic_regression": {
            "threshold": 0.6365462444713129,
            "validation_threshold_metrics": {
                "precision": 0.19883399815894445,
                "recall": 0.41405750798722046,
                "f1": 0.26865671641747213,
                "min_precision": 0.0,
                "min_recall": 0.0,
                "constraints_satisfied": true
            },
            "validation_metrics": {
                "roc_auc": 0.7209316531789407,
                "pr_auc": 0.1961431994511811,
                "precision": 0.19883399815894445,
                "recall": 0.41405750798722046,
                "f1": 0.26865671641791045,
                "confusion_matrix": [
                    [
                        15119,
                        2611
                    ],
                    [
                        917,
                        648
                    ]
                ]
            },
            "test_metrics": {
                "roc_auc": 0.7101228638205717,
                "pr_auc": 0.18596655799094777,
                "precision": 0.19586983729662077,
                "recall": 0.4,
                "f1": 0.26296996429321573,
                "confusion_matrix": [
                    [
                        15161,
                        2570
                    ],
                    [
                        939,
                        626
                    ]
                ]
            }
        }
    },
    "target_distribution": {
        "0": 88649,
        "1": 7827
    },
    "feature_columns": [
        "purchase_hour",
        "purchase_dayofweek",
        "purchase_month",
        "is_weekend_purchase",
        "estimated_delivery_days",
        "has_approval_timestamp",
        "approval_delay_hours",
        "num_items",
        "total_price",
        "avg_price",
        "max_price",
        "total_freight",
        "avg_freight",
        "max_freight",
        "num_sellers",
        "num_products",
        "num_product_categories",
        "avg_product_weight_g",
        "max_product_weight_g",
        "avg_product_volume_cm3",
        "max_product_volume_cm3",
        "seller_zip_code_prefix",
        "num_seller_states",
        "freight_price_ratio",
        "payment_value",
        "payment_installments",
        "num_payment_types",
        "customer_zip_code_prefix",
        "same_state",
        "same_city",
        "zip_prefix_diff",
        "main_seller_city",
        "main_seller_state",
        "main_product_category",
        "main_payment_type",
        "customer_city",
        "customer_state"
    ],
    "numeric_features": [
        "purchase_hour",
        "purchase_dayofweek",
        "purchase_month",
        "is_weekend_purchase",
        "estimated_delivery_days",
        "has_approval_timestamp",
        "approval_delay_hours",
        "num_items",
        "total_price",
        "avg_price",
        "max_price",
        "total_freight",
        "avg_freight",
        "max_freight",
        "num_sellers",
        "num_products",
        "num_product_categories",
        "avg_product_weight_g",
        "max_product_weight_g",
        "avg_product_volume_cm3",
        "max_product_volume_cm3",
        "seller_zip_code_prefix",
        "num_seller_states",
        "freight_price_ratio",
        "payment_value",
        "payment_installments",
        "num_payment_types",
        "customer_zip_code_prefix",
        "same_state",
        "same_city",
        "zip_prefix_diff"
    ],
    "categorical_features": [
        "main_seller_city",
        "main_seller_state",
        "main_product_category",
        "main_payment_type",
        "customer_city",
        "customer_state"
    ],
    "random_state": 42,
    "sklearn_version": "1.7.2",
    "trained_at_utc": "2026-06-27T14:04:07.234445+00:00"
}